﻿<?xml version="1.0" encoding="UTF-8"?><metadata><idinfo><citation><citeinfo><origin>Minnesota Department of Natural Resources (MNDNR)</origin><pubdate>20130715</pubdate><title>County Boundaries, Minnesota</title><pubinfo><publish>Minnesota Department of Natural Resources (MNDNR)</publish></pubinfo><onlink>http://gisdata.mn.gov/dataset/bdry-counties-in-minnesota</onlink></citeinfo></citation><descript><abstract>This is the standard Minnesota State County Boundary dataset that is used by MNDNR and many other state agencies. It is maintained by the MNDNR Lands and Minerals Division.

Please read at the accuracy and lineage sections of this metadata to make sure this dataset is appropriate for your application!</abstract><purpose>This data was created to provide a standard county boundary layer to represent the state. This boundary dataset is NOT a legal document, nor is it appropriate for use on large scale or site-specific maps and applications. Best used at 1:24,000 or smaller scales. For more detailed and precise data we advise you contact the specific county of interest.</purpose><supplinf>Statewide</supplinf></descript><timeperd><current>Time Period of Content date indicates the date which the user can be confident of accuracy and completeness of the dataset.</current><timeinfo><sngdate><caldate>20130701</caldate></sngdate></timeinfo></timeperd><status><progress>Complete</progress><update>Irregular</update></status><spdom><bounding><westbc>-96.824784</westbc><eastbc>-90.836301</eastbc><northbc>49.267794</northbc><southbc>43.438259</southbc></bounding></spdom><keywords><theme><themekey>boundaries, Minnesota, county, counties</themekey><themekt>ISO 19115 Topic Category</themekt></theme><place><placekey>Minnesota, MN</placekey></place></keywords><accconst>None</accconst><useconst>Use of the data are constrained only by the DNR GIS Data License Agreement.  See the Distribution Liability section below for a link.</useconst><native>ARC/INFO 7.0.3</native><browse><browsen>https://resources.gisdata.mn.gov/pub/gdrs/data/pub/us_mn_state_dnr/bdry_counties_in_minnesota/preview/preview.jpg</browsen></browse><crossref><citeinfo><title>State Boundary, Minnesota ( http://gisdata.mn.gov/dataset/bdry-state-of-minnesota )</title></citeinfo></crossref><ptcontac><cntinfo><cntperp><cntorg>DNR-Lands and Minerals</cntorg><cntper>Renee Johnson</cntper></cntperp><cntpos>ITS 3</cntpos><cntaddr><addrtype>Mailing and Physical</addrtype><address>500 Lafayette Road - Box 45</address><city>St. Paul</city><state>MN</state><postal>55155</postal></cntaddr><cntvoice>(651) 259-5396</cntvoice><cntfax>(651) 296-5939</cntfax><cntemail>renee.johnson@state.mn.us</cntemail></cntinfo></ptcontac></idinfo><dataqual><attracc><attraccr>Attributes have been verified and tested under wide use for decades</attraccr></attracc><logic>Polygon(s) are coincident, verified closed, and intersect where intended.</logic><complete>All Minnesota county lands are present, including off-shore islands in Lake Superior.  The official state and international borders within Lake Superior are not included in this data set.</complete><posacc><horizpa><horizpar>The primary full-resolution feature class in the geodatabase is called: mn_county_boundaries

There are several reduced-resolution feature classes also included in the geodatabase which are useful for fast visual display or to support generating web services designed to be displayed at small scales.

The naming convention for these reduced-resoultion feature classes indicates the snapping tolerance that was applied. For example, vertices within the feature class mn_county_boundaries_1500 are a minimum of 1500 meters apart. Use this information to determine the appropriate feature class to use at various scales for your specific application.

When in doubt, always use the full resolution feature class by default: mn_county_boundaries

Source accuracies vary greatly.  Public land survey derived lines and coincident county boundaries range in expected offsets from 50 to 200 feet, with the smaller value being more common.  The most significant offsets within this category are in the northeastern portion of the state where the U.S. Geological Survey (USGS) quad sources are most tentative with regards to section corner locations.  County boundaries not coincident with PLS lines are typically from 1990 vintage TIGER data with many off-sets in the 100 foot range.  The international boundary should be highly accurate as it was taken directly from legislative notes.  The Lake Superior North Shore was from 1980's vintage National Wetland Inventory and will typically exhibit off-sets of about 60 feet, with generally good depictions of the shore line character.

This data is NOT to be used as a legal document, and is not accurate enough for site-level analysis.</horizpar></horizpa><vertacc><vertaccr> Not Applicable
</vertaccr></vertacc></posacc><lineage><srcinfo><srcscale>Source layer plsctne3:  24000
</srcscale></srcinfo><procstep><procdesc>Attribute Lineage: Some attribute table restructuring was performing during MNDNR's GIS Core Library development effort in March 1996.  This entailed bringing in selected fields from the county cross-reference table, including county names and county abbreviations.

A simplified, multipart version of this dataset, called mn_county_boundaries_multipart, was created in July of 2013 to meet various DNR enterprise needs. The feature class has only 87 records (multipart shapes for counties with islands) and includes state-standard County FIPS codes.

A multitude of source dates and data are associated with this data set, including those associated with the original GISMO, RKI, DLG, and TIGER data set development efforts.  Work on the coverage was completed during the summer/fall of 1993.  Attribute restructuring to ensure conformance with MNDNR Public Land Survey (PLS) Coding standard performed in March 1996.</procdesc></procstep></lineage></dataqual><spdoinfo><indspref>None</indspref><direct>vector</direct><mgmg3obj>polygon</mgmg3obj><mgmg3til>state</mgmg3til></spdoinfo><spref><vertdef><altsys><altdatum>not applicable</altdatum><altunits>Not Applicable</altunits></altsys><depthsys><depthdn>not applicable</depthdn><depthdu>Not Applicable</depthdu></depthsys></vertdef><horizsys><planar><gridsys><gridsysn>Universal Transverse Mercator</gridsysn><utm><utmzone>15</utmzone></utm></gridsys><planci><plandu>meters</plandu></planci></planar><geodetic><horizdn>NAD83</horizdn><ellips>GRS80</ellips></geodetic></horizsys></spref><eainfo><detailed><enttyp><enttypl>mn_county_boundaries</enttypl><enttypd>Feature Class Attribute Table</enttypd></enttyp><attr><attrlabl>CTY_NAME</attrlabl><attrdef>County name</attrdef></attr><attr><attrlabl>CTY_ABBR</attrlabl><attrdomv><edom><edomv>AITK</edomv><edomvd>Aitkin</edomvd></edom></attrdomv><attrdomv><edom><edomv>ANOK</edomv><edomvd>Anoka</edomvd></edom></attrdomv><attrdomv><edom><edomv>BECK</edomv><edomvd>Becker</edomvd></edom></attrdomv><attrdomv><edom><edomv>BELT</edomv><edomvd>Beltrami</edomvd></edom></attrdomv><attrdomv><edom><edomv>BENT</edomv><edomvd>Benton</edomvd></edom></attrdomv><attrdomv><edom><edomv>BIGS</edomv><edomvd>Big Stone</edomvd></edom></attrdomv><attrdomv><edom><edomv>BLUE</edomv><edomvd>Blue Earth</edomvd></edom></attrdomv><attrdomv><edom><edomv>BROW</edomv><edomvd>Brown</edomvd></edom></attrdomv><attrdomv><edom><edomv>CARL</edomv><edomvd>Carlton</edomvd></edom></attrdomv><attrdomv><edom><edomv>CARV</edomv><edomvd>Carver</edomvd></edom></attrdomv><attrdomv><edom><edomv>CASS</edomv><edomvd>Cass</edomvd></edom></attrdomv><attrdomv><edom><edomv>CHIP</edomv><edomvd>Chippewa</edomvd></edom></attrdomv><attrdomv><edom><edomv>CHIS</edomv><edomvd>Chisago</edomvd></edom></attrdomv><attrdomv><edom><edomv>CLAY</edomv><edomvd>Clay</edomvd></edom></attrdomv><attrdomv><edom><edomv>CLEA</edomv><edomvd>Clearwater</edomvd></edom></attrdomv><attrdomv><edom><edomv>COOK</edomv><edomvd>Cook</edomvd></edom></attrdomv><attrdomv><edom><edomv>COTT</edomv><edomvd>Cottonwood</edomvd></edom></attrdomv><attrdomv><edom><edomv>CROW</edomv><edomvd>Crow Wing</edomvd></edom></attrdomv><attrdomv><edom><edomv>DAKO</edomv><edomvd>Dakota</edomvd></edom></attrdomv><attrdomv><edom><edomv>DODG</edomv><edomvd>Dodge</edomvd></edom></attrdomv><attrdomv><edom><edomv>DOUG</edomv><edomvd>Douglas</edomvd></edom></attrdomv><attrdomv><edom><edomv>FARI</edomv><edomvd>Faribault</edomvd></edom></attrdomv><attrdomv><edom><edomv>FILL</edomv><edomvd>Fillmore</edomvd></edom></attrdomv><attrdomv><edom><edomv>FREE</edomv><edomvd>Freeborn</edomvd></edom></attrdomv><attrdomv><edom><edomv>GOOD</edomv><edomvd>Goodhue</edomvd></edom></attrdomv><attrdomv><edom><edomv>GRAN</edomv><edomvd>Grant</edomvd></edom></attrdomv><attrdomv><edom><edomv>HENN</edomv><edomvd>Hennepin</edomvd></edom></attrdomv><attrdomv><edom><edomv>HOUS</edomv><edomvd>Houston</edomvd></edom></attrdomv><attrdomv><edom><edomv>HUBB</edomv><edomvd>Hubbard</edomvd></edom></attrdomv><attrdomv><edom><edomv>ISAN</edomv><edomvd>Isanti</edomvd></edom></attrdomv><attrdomv><edom><edomv>ITAS</edomv><edomvd>Itasca</edomvd></edom></attrdomv><attrdomv><edom><edomv>JACK</edomv><edomvd>Jackson</edomvd></edom></attrdomv><attrdomv><edom><edomv>KANA</edomv><edomvd>Kanabec</edomvd></edom></attrdomv><attrdomv><edom><edomv>KAND</edomv><edomvd>Kandiyohi</edomvd></edom></attrdomv><attrdomv><edom><edomv>KITT</edomv><edomvd>Kittson</edomvd></edom></attrdomv><attrdomv><edom><edomv>KOOC</edomv><edomvd>Koochiching</edomvd></edom></attrdomv><attrdomv><edom><edomv>LACQ</edomv><edomvd>Lac Qui Parle</edomvd></edom></attrdomv><attrdomv><edom><edomv>LAKE</edomv><edomvd>Lake</edomvd></edom></attrdomv><attrdomv><edom><edomv>LESU</edomv><edomvd>Le Sueur</edomvd></edom></attrdomv><attrdomv><edom><edomv>LINC</edomv><edomvd>Lincoln</edomvd></edom></attrdomv><attrdomv><edom><edomv>LOTW</edomv><edomvd>Lake of the Woods</edomvd></edom></attrdomv><attrdomv><edom><edomv>LYON</edomv><edomvd>Lyon</edomvd></edom></attrdomv><attrdomv><edom><edomv>MAHN</edomv><edomvd>Mahnomen</edomvd></edom></attrdomv><attrdomv><edom><edomv>MARS</edomv><edomvd>Marshall</edomvd></edom></attrdomv><attrdomv><edom><edomv>MART</edomv><edomvd>Martin</edomvd></edom></attrdomv><attrdomv><edom><edomv>MCLE</edomv><edomvd>McLeod</edomvd></edom></attrdomv><attrdomv><edom><edomv>MEEK</edomv><edomvd>Meeker</edomvd></edom></attrdomv><attrdomv><edom><edomv>MILL</edomv><edomvd>Mille Lacs</edomvd></edom></attrdomv><attrdomv><edom><edomv>MORR</edomv><edomvd>Morrison</edomvd></edom></attrdomv><attrdomv><edom><edomv>MOWE</edomv><edomvd>Mower</edomvd></edom></attrdomv><attrdomv><edom><edomv>MURR</edomv><edomvd>Murray</edomvd></edom></attrdomv><attrdomv><edom><edomv>NICO</edomv><edomvd>Nicollet</edomvd></edom></attrdomv><attrdomv><edom><edomv>NOBL</edomv><edomvd>Nobles</edomvd></edom></attrdomv><attrdomv><edom><edomv>NORM</edomv><edomvd>Norman</edomvd></edom></attrdomv><attrdomv><edom><edomv>OLMS</edomv><edomvd>Olmsted</edomvd></edom></attrdomv><attrdomv><edom><edomv>OTTE</edomv><edomvd>Otter Tail</edomvd></edom></attrdomv><attrdomv><edom><edomv>PENN</edomv><edomvd>Pennington</edomvd></edom></attrdomv><attrdomv><edom><edomv>PINE</edomv><edomvd>Pine</edomvd></edom></attrdomv><attrdomv><edom><edomv>PIPE</edomv><edomvd>Pipestone</edomvd></edom></attrdomv><attrdomv><edom><edomv>POLK</edomv><edomvd>Polk</edomvd></edom></attrdomv><attrdomv><edom><edomv>POPE</edomv><edomvd>Pope</edomvd></edom></attrdomv><attrdomv><edom><edomv>RAMS</edomv><edomvd>Ramsey</edomvd></edom></attrdomv><attrdomv><edom><edomv>REDL</edomv><edomvd>Red Lake</edomvd></edom></attrdomv><attrdomv><edom><edomv>REDW</edomv><edomvd>Redwood</edomvd></edom></attrdomv><attrdomv><edom><edomv>RENV</edomv><edomvd>Renville</edomvd></edom></attrdomv><attrdomv><edom><edomv>RICE</edomv><edomvd>Rice</edomvd></edom></attrdomv><attrdomv><edom><edomv>ROCK</edomv><edomvd>Rock</edomvd></edom></attrdomv><attrdomv><edom><edomv>ROSE</edomv><edomvd>Roseau</edomvd></edom></attrdomv><attrdomv><edom><edomv>SCOT</edomv><edomvd>Scott</edomvd></edom></attrdomv><attrdomv><edom><edomv>SHER</edomv><edomvd>Sherburne</edomvd></edom></attrdomv><attrdomv><edom><edomv>SIBL</edomv><edomvd>Sibley</edomvd></edom></attrdomv><attrdomv><edom><edomv>STEA</edomv><edomvd>Stearns</edomvd></edom></attrdomv><attrdomv><edom><edomv>STEE</edomv><edomvd>Steele</edomvd></edom></attrdomv><attrdomv><edom><edomv>STEV</edomv><edomvd>Stevens</edomvd></edom></attrdomv><attrdomv><edom><edomv>STLO</edomv><edomvd>St. Louis</edomvd></edom></attrdomv><attrdomv><edom><edomv>SWIF</edomv><edomvd>Swift</edomvd></edom></attrdomv><attrdomv><edom><edomv>TODD</edomv><edomvd>Todd</edomvd></edom></attrdomv><attrdomv><edom><edomv>TRAV</edomv><edomvd>Traverse</edomvd></edom></attrdomv><attrdomv><edom><edomv>WABA</edomv><edomvd>Wabasha</edomvd></edom></attrdomv><attrdomv><edom><edomv>WASE</edomv><edomvd>Waseca</edomvd></edom></attrdomv><attrdomv><edom><edomv>WASH</edomv><edomvd>Washington</edomvd></edom></attrdomv><attrdomv><edom><edomv>WATO</edomv><edomvd>Watonwan</edomvd></edom></attrdomv><attrdomv><edom><edomv>WILK</edomv><edomvd>Wilkin</edomvd></edom></attrdomv><attrdomv><edom><edomv>WINO</edomv><edomvd>Winona</edomvd></edom></attrdomv><attrdomv><edom><edomv>WRIG</edomv><edomvd>Wright</edomvd></edom></attrdomv><attrdomv><edom><edomv>Wade</edomv><edomvd>Wadena</edomvd></edom></attrdomv><attrdomv><edom><edomv>YELL</edomv><edomvd>Yellow Medicine</edomvd></edom></attrdomv></attr><attr><attrlabl>CTY_FIPS</attrlabl><attrdef>Numeric FIPS county code</attrdef><attrdomv><edom><edomv>1-173</edomv><edomvd>Can be derived  from CTY.CODE using the formula: FIPS.CODE = (CTY.CODE * 2) - 1.</edomvd></edom></attrdomv></attr></detailed><overview><eaover>See the Table Detail section</eaover></overview></eainfo><distinfo><resdesc>bdry_counties_in_minnesota</resdesc><distliab>The Minnesota Department of Natural Resources General Geographic Data License Agreement is online: http://www.dnr.state.mn.us/sitetools/data_software_license.html
</distliab><stdorder><digform><digtinfo><formname>Shapefile</formname><formvern>Not Applicable</formvern><transize>0.5</transize></digtinfo></digform><ordering>Please visit the download page for this dataset on the Minnesota Geospatial Commons website using the web link below (Online Linkage).</ordering></stdorder><distrib><cntinfo><cntperp><cntorg>Minnesota Department of Natural Resources</cntorg><cntper>Zeb Thomas</cntper></cntperp><cntpos>GIS Data Systems Coordinator</cntpos><cntaddr><addrtype>mailing and physical</addrtype><address>500 Lafayette Rd</address><city>St. Paul</city><state>MN</state><postal>55155-4011</postal></cntaddr><cntvoice>651-259-5637</cntvoice><cntemail>zeb.thomas@state.mn.us</cntemail></cntinfo></distrib></distinfo><metainfo><metd>20140924</metd><metstdn>Minnesota Geographic Metadata Guidelines</metstdn><metstdv>1.2</metstdv><metextns><onlink>http://www.mngeo.state.mn.us/committee/standards/mgmg/metadata.htm</onlink></metextns><metc><cntinfo><cntperp><cntorg>Minnesota Department of Natural Resources</cntorg><cntper>Zeb Thomas</cntper></cntperp><cntpos>GIS Data Systems Coordinator</cntpos><cntaddr><addrtype>mailing and physical</addrtype><address>500 Lafayette Rd</address><city>St. Paul</city><state>MN</state><postal>55155-4011</postal></cntaddr><cntvoice>651-259-5637</cntvoice><cntemail>zeb.thomas@state.mn.us</cntemail></cntinfo></metc></metainfo></metadata>